{"cameraMode":{"drawMode":0,"name":"Shaded","section":"Shading Mode"},"sceneLighting":false,"audioPlay":false,"sceneViewState":{"showFog":true,"showMaterialUpdate":false,"showSkybox":false,"showFlares":true,"showImageEffects":true,"showParticleSystems":true},"in2DMode":false,"pivot":{"x":470.2699890136719,"y":54.75,"z":188.10000610351563},"rotation":{"x":0.20846527814865113,"y":-0.0020658366847783329,"z":0.0004571039753500372,"w":0.9780719876289368},"size":4.990561485290527,"orthographic":false}